term;meaning
axis / ось;Невидимая линия между двумя людьми (или человек↔объект). Камера остаётся с одной стороны. В таблице: нет | 180_фиксирована | eyeline.
180_фиксирована;В диалоге (T1) лево/право героев не менять. K2 и K3 — разные стороны буквы V, но по одну сторону линии стола.
eyeline;Ось взгляда: кадр «смотрит» → кадр «что видит» → кадр «реакция».
drop_order / сжатие;Если закадр короткий — удаляй кадры в этом порядке, пока не останется смысла. Кадры с required=1 не удалять.
parent;Ссылка на master/сторону для continuity. null = самостоятельный сетап.
master;Первый кадр места/сетапа. Обычно ОБЩИЙ, parent=null.
required;"1 = обязательный кадр схемы; 0 = опциональный, первый кандидат на сжатие."
when;"Триггеры выбора шаблона. ; = И, | = ИЛИ."
slots {};Подставляемые значения под конкретный ролик. Агент не выдумывает структуру, только заполняет слоты.
