file,query,image_url,source_page,title
photo_000.jpg,Dune Part Two trailer,https://i.ytimg.com/vi/Way9Dexny3w/hq1.jpg,https://www.youtube.com/watch?v=Way9Dexny3w,Dune Part Two trailer — кадр 1
photo_001.jpg,Dune Part Two trailer,https://i.ytimg.com/vi/Way9Dexny3w/hq2.jpg,https://www.youtube.com/watch?v=Way9Dexny3w,Dune Part Two trailer — кадр 2
photo_002.jpg,Dune Part Two trailer,https://i.ytimg.com/vi/Way9Dexny3w/hq3.jpg,https://www.youtube.com/watch?v=Way9Dexny3w,Dune Part Two trailer — кадр 3
photo_003.jpg,Dune Part Two trailer,https://i.ytimg.com/vi/_YUzQa_1RCE/hq1.jpg,https://www.youtube.com/watch?v=_YUzQa_1RCE,Dune Part Two trailer — кадр 1
photo_004.jpg,Dune Part Two trailer,https://i.ytimg.com/vi/_YUzQa_1RCE/hq2.jpg,https://www.youtube.com/watch?v=_YUzQa_1RCE,Dune Part Two trailer — кадр 2
photo_005.jpg,Dune Part Two trailer,https://i.ytimg.com/vi/_YUzQa_1RCE/hq3.jpg,https://www.youtube.com/watch?v=_YUzQa_1RCE,Dune Part Two trailer — кадр 3
photo_006.jpg,Dune Part Two trailer,https://i.ytimg.com/vi/U2Qp5pL3ovA/hq1.jpg,https://www.youtube.com/watch?v=U2Qp5pL3ovA,Dune Part Two trailer — кадр 1
photo_007.jpg,Dune Part Two trailer,https://i.ytimg.com/vi/U2Qp5pL3ovA/hq2.jpg,https://www.youtube.com/watch?v=U2Qp5pL3ovA,Dune Part Two trailer — кадр 2
photo_008.jpg,Dune Part Two trailer,https://i.ytimg.com/vi/U2Qp5pL3ovA/hq3.jpg,https://www.youtube.com/watch?v=U2Qp5pL3ovA,Dune Part Two trailer — кадр 3
photo_009.jpg,Poor Things trailer,https://i.ytimg.com/vi/RlbR5N6veqw/hq1.jpg,https://www.youtube.com/watch?v=RlbR5N6veqw,Poor Things trailer — кадр 1
photo_010.jpg,Poor Things trailer,https://i.ytimg.com/vi/RlbR5N6veqw/hq2.jpg,https://www.youtube.com/watch?v=RlbR5N6veqw,Poor Things trailer — кадр 2
photo_011.jpg,Poor Things trailer,https://i.ytimg.com/vi/RlbR5N6veqw/hq3.jpg,https://www.youtube.com/watch?v=RlbR5N6veqw,Poor Things trailer — кадр 3
photo_012.jpg,Poor Things trailer,https://i.ytimg.com/vi/7dEQhZfDQjk/hq1.jpg,https://www.youtube.com/watch?v=7dEQhZfDQjk,Poor Things trailer — кадр 1
photo_013.jpg,Poor Things trailer,https://i.ytimg.com/vi/7dEQhZfDQjk/hq2.jpg,https://www.youtube.com/watch?v=7dEQhZfDQjk,Poor Things trailer — кадр 2
photo_014.jpg,Poor Things trailer,https://i.ytimg.com/vi/7dEQhZfDQjk/hq3.jpg,https://www.youtube.com/watch?v=7dEQhZfDQjk,Poor Things trailer — кадр 3
photo_015.jpg,Poor Things trailer,https://i.ytimg.com/vi/ZFu7ZH4y6J4/hq1.jpg,https://www.youtube.com/watch?v=ZFu7ZH4y6J4,Poor Things trailer — кадр 1
photo_016.jpg,Poor Things trailer,https://i.ytimg.com/vi/ZFu7ZH4y6J4/hq2.jpg,https://www.youtube.com/watch?v=ZFu7ZH4y6J4,Poor Things trailer — кадр 2
photo_017.jpg,Poor Things trailer,https://i.ytimg.com/vi/ZFu7ZH4y6J4/hq3.jpg,https://www.youtube.com/watch?v=ZFu7ZH4y6J4,Poor Things trailer — кадр 3
photo_018.jpg,Oppenheimer trailer,https://i.ytimg.com/vi/uYPbbksJxIg/hq1.jpg,https://www.youtube.com/watch?v=uYPbbksJxIg,Oppenheimer trailer — кадр 1
photo_019.jpg,Oppenheimer trailer,https://i.ytimg.com/vi/uYPbbksJxIg/hq2.jpg,https://www.youtube.com/watch?v=uYPbbksJxIg,Oppenheimer trailer — кадр 2
photo_020.jpg,Oppenheimer trailer,https://i.ytimg.com/vi/uYPbbksJxIg/hq3.jpg,https://www.youtube.com/watch?v=uYPbbksJxIg,Oppenheimer trailer — кадр 3
photo_021.jpg,Oppenheimer trailer,https://i.ytimg.com/vi/bK6ldnjE3Y0/hq1.jpg,https://www.youtube.com/watch?v=bK6ldnjE3Y0,Oppenheimer trailer — кадр 1
photo_022.jpg,Oppenheimer trailer,https://i.ytimg.com/vi/bK6ldnjE3Y0/hq2.jpg,https://www.youtube.com/watch?v=bK6ldnjE3Y0,Oppenheimer trailer — кадр 2
photo_023.jpg,Oppenheimer trailer,https://i.ytimg.com/vi/bK6ldnjE3Y0/hq3.jpg,https://www.youtube.com/watch?v=bK6ldnjE3Y0,Oppenheimer trailer — кадр 3
photo_024.jpg,Oppenheimer trailer,https://i.ytimg.com/vi/qiuSBWVdgLI/hq1.jpg,https://www.youtube.com/watch?v=qiuSBWVdgLI,Oppenheimer trailer — кадр 1
photo_025.jpg,Oppenheimer trailer,https://i.ytimg.com/vi/qiuSBWVdgLI/hq2.jpg,https://www.youtube.com/watch?v=qiuSBWVdgLI,Oppenheimer trailer — кадр 2
photo_026.jpg,Oppenheimer trailer,https://i.ytimg.com/vi/qiuSBWVdgLI/hq3.jpg,https://www.youtube.com/watch?v=qiuSBWVdgLI,Oppenheimer trailer — кадр 3
photo_027.jpg,The Zone of Interest trailer,https://i.ytimg.com/vi/r-vfg3KkV54/hq1.jpg,https://www.youtube.com/watch?v=r-vfg3KkV54,The Zone of Interest trailer — кадр 1
photo_028.jpg,The Zone of Interest trailer,https://i.ytimg.com/vi/r-vfg3KkV54/hq2.jpg,https://www.youtube.com/watch?v=r-vfg3KkV54,The Zone of Interest trailer — кадр 2
photo_029.jpg,The Zone of Interest trailer,https://i.ytimg.com/vi/r-vfg3KkV54/hq3.jpg,https://www.youtube.com/watch?v=r-vfg3KkV54,The Zone of Interest trailer — кадр 3
photo_030.jpg,The Zone of Interest trailer,https://i.ytimg.com/vi/GFNtVaAuVYY/hq1.jpg,https://www.youtube.com/watch?v=GFNtVaAuVYY,The Zone of Interest trailer — кадр 1
photo_031.jpg,The Zone of Interest trailer,https://i.ytimg.com/vi/GFNtVaAuVYY/hq2.jpg,https://www.youtube.com/watch?v=GFNtVaAuVYY,The Zone of Interest trailer — кадр 2
photo_032.jpg,The Zone of Interest trailer,https://i.ytimg.com/vi/GFNtVaAuVYY/hq3.jpg,https://www.youtube.com/watch?v=GFNtVaAuVYY,The Zone of Interest trailer — кадр 3
photo_033.jpg,The Zone of Interest trailer,https://i.ytimg.com/vi/RtATqZ8RlEU/hq1.jpg,https://www.youtube.com/watch?v=RtATqZ8RlEU,The Zone of Interest trailer — кадр 1
photo_034.jpg,The Zone of Interest trailer,https://i.ytimg.com/vi/RtATqZ8RlEU/hq2.jpg,https://www.youtube.com/watch?v=RtATqZ8RlEU,The Zone of Interest trailer — кадр 2
photo_035.jpg,The Zone of Interest trailer,https://i.ytimg.com/vi/RtATqZ8RlEU/hq3.jpg,https://www.youtube.com/watch?v=RtATqZ8RlEU,The Zone of Interest trailer — кадр 3
photo_036.jpg,Challengers trailer,https://i.ytimg.com/vi/AXEK7y1BuNQ/hq1.jpg,https://www.youtube.com/watch?v=AXEK7y1BuNQ,Challengers trailer — кадр 1
photo_037.jpg,Challengers trailer,https://i.ytimg.com/vi/AXEK7y1BuNQ/hq2.jpg,https://www.youtube.com/watch?v=AXEK7y1BuNQ,Challengers trailer — кадр 2
photo_038.jpg,Challengers trailer,https://i.ytimg.com/vi/AXEK7y1BuNQ/hq3.jpg,https://www.youtube.com/watch?v=AXEK7y1BuNQ,Challengers trailer — кадр 3
photo_039.jpg,Challengers trailer,https://i.ytimg.com/vi/VobTTbg-te0/hq1.jpg,https://www.youtube.com/watch?v=VobTTbg-te0,Challengers trailer — кадр 1
photo_040.jpg,film stills,https://d2w9rnfcy7mm78.cloudfront.net/48262476/original_d75949778f392e8ff66f73f40d9e1388.jpeg?1785166765?bc=0,https://are.na/block/48262476,"film stills: The Umbrellas of Cherbourg, 1964"
photo_041.jpg,film stills,https://d2w9rnfcy7mm78.cloudfront.net/48262472/original_f52c167b3d6116ed9e61c01490da8d5d.jpeg?1785166753?bc=0,https://are.na/block/48262472,"film stills: The Umbrellas of Cherbourg, 1964"
photo_042.jpg,film stills,https://d2w9rnfcy7mm78.cloudfront.net/48262469/original_57f4ab2ac38a0484de0f44a70a26a94c.jpeg?1785166744?bc=0,https://are.na/block/48262469,"film stills: The Umbrellas of Cherbourg, 1964"
photo_043.jpg,film stills,https://d2w9rnfcy7mm78.cloudfront.net/48262468/original_7a822dc90da58248b053e248876938a6.jpeg?1785166734?bc=0,https://are.na/block/48262468,"film stills: The Umbrellas of Cherbourg, 1964"
photo_044.jpg,film stills,https://d2w9rnfcy7mm78.cloudfront.net/47947572/original_40f4973d2bc2657d20d04cab83624edf.png?1784132021?bc=0,https://are.na/block/47947572,"ad, film stills.: Screenshot 2026-05-22 at 11.03.24"
photo_045.jpg,film stills,https://d2w9rnfcy7mm78.cloudfront.net/47948291/original_a9a4c06272a153e801617b6e74239c2b.png?1784133763?bc=0,https://are.na/block/47948291,"ad, film stills.: Screenshot 2026-05-21 at 11.22.46"
photo_046.jpg,film stills,https://d2w9rnfcy7mm78.cloudfront.net/47948293/original_19110df030e296159507d50f688b90f7.png?1784133765?bc=0,https://are.na/block/47948293,"ad, film stills.: Screenshot 2026-05-21 at 11.02.08"
photo_047.jpg,film stills,https://d2w9rnfcy7mm78.cloudfront.net/47948313/original_f2eadb564cb8e12f659593b629aab639.png?1784133815?bc=0,https://are.na/block/47948313,"ad, film stills.: Screenshot 2026-05-22 at 01.29.17"
photo_048.jpg,film stills,https://d2w9rnfcy7mm78.cloudfront.net/45835178/original_a8b1d8761d187dd2456ff9bdfba47ed1.jpeg?1777908273?bc=0,https://are.na/block/45835178,Film Stills: Wuthering Heights (2026)
photo_049.jpg,film stills,https://d2w9rnfcy7mm78.cloudfront.net/45835160/original_4066bde64ffcba3c7d2338da84fdd954.jpeg?1777908250?bc=0,https://are.na/block/45835160,Film Stills: Wuthering Heights (2026)
photo_050.jpg,film stills,https://d2w9rnfcy7mm78.cloudfront.net/45835057/original_25448b71b59d4b4d8182b4db34aaa421.jpeg?1777908187?bc=0,https://are.na/block/45835057,Film Stills: Wuthering Heights (2026)
photo_051.jpg,film stills,https://d2w9rnfcy7mm78.cloudfront.net/45835054/original_1da13a1c072b0087fe7465f8682a5b5d.jpeg?1777908181?bc=0,https://are.na/block/45835054,Film Stills: Wuthering Heights (2026)
photo_052.jpg,film stills,https://d2w9rnfcy7mm78.cloudfront.net/10060593/original_22dfb8818649ae1fa1178d64aa5381c0.jpg?1609375556?bc=0,https://are.na/block/10060593,"film stills : Sister Carolina, a Roman Catholic nun, skiing Mount Stelvio,"
photo_053.jpg,film stills,https://d2w9rnfcy7mm78.cloudfront.net/727650/original_b63e9872f054cea26effaf03e66fb511.jpg?1475699884?bc=1,https://are.na/block/727650,film stills : tumblr_o4peu7aWjc1rotipro1_1280.jpg
photo_054.jpg,cinematography,https://d2w9rnfcy7mm78.cloudfront.net/50347892/original_251d2af0908309ae3df826d41e148db2.jpeg?1789159688?bc=0,https://are.na/block/50347892,CINEMATOGRAPHY: 235826B2-E746-421E-8708-1B772BC44237
photo_055.jpg,cinematography,https://d2w9rnfcy7mm78.cloudfront.net/50347891/original_25903575e4b0edda9d87f5429b57c274.jpeg?1789159688?bc=0,https://are.na/block/50347891,CINEMATOGRAPHY: EF6D152F-CA0C-4EC4-BF35-8C4DDF15EE08
photo_056.jpg,cinematography,https://d2w9rnfcy7mm78.cloudfront.net/50070256/original_65a351ccea32354133f4881136f731fc.jpeg?1788389359?bc=0,https://are.na/block/50070256,CINEMATOGRAPHY: 2F396C61-1FAC-447E-BDB4-C01CA3F4AC57
photo_057.jpg,cinematography,https://d2w9rnfcy7mm78.cloudfront.net/50070255/original_227240b88d509f63a49dcab81fa19193.jpeg?1788389358?bc=0,https://are.na/block/50070255,CINEMATOGRAPHY: 4D975EFB-A63F-471A-BABB-6BCB163B6EF5
photo_058.jpg,cinematography,https://d2w9rnfcy7mm78.cloudfront.net/49950588/original_02f6c6e0165ee9b70cde4a6f6ee13b10.gif?1788097103?bc=0,https://are.na/block/49950588,Cinematography: 3_ACGChamoChamo
photo_059.jpg,cinematography,https://d2w9rnfcy7mm78.cloudfront.net/47569104/original_7304bd970bc530e120260703-2-zv0a0b.png?1783119071?bc=0,https://are.na/block/47569104,FILM: Cinematography : AQNzYh3uBSe5QQsOu7PL_om3xTk4fL5esVVXzU_Tayg_in9YZ8l9nBOpIgPc
photo_060.jpg,cinematography,https://d2w9rnfcy7mm78.cloudfront.net/43000298/original_9cffbc5a4e96cd037e6ef8d255f6f9f6.jpg?1769452388?bc=0,https://are.na/block/43000298,FILM: Cinematography : Reigning Champ - Kyoto Black on Vimeo
photo_061.jpg,cinematography,https://d2w9rnfcy7mm78.cloudfront.net/42948010/original_26eab9a2d0fa0eddd5c6447e0e76a4dc.jpg?1769291862?bc=0,https://are.na/block/42948010,FILM: Cinematography : Late Checkout: A Ritz-Carlton Story Chapter II on Vimeo
photo_062.jpg,cinematography,https://d2w9rnfcy7mm78.cloudfront.net/34242229/original_3706a1bd3a81be47398af29d7abbff6a.jpg?1738616211?bc=0,https://are.na/block/34242229,Film: Cinematography: Reigning Champ x Asics - Run (Director's Cut)
photo_063.jpg,cinematography,https://d2w9rnfcy7mm78.cloudfront.net/38496934/original_59282a83b028369f0f5f1f756c18cb71.gif?1754040747?bc=0,https://are.na/block/38496934,Film: Cinematography: bad-bunny-nuevayol.gif
photo_064.jpg,cinematography,https://d2w9rnfcy7mm78.cloudfront.net/47079580/original_e00f8f19527e7aae5617de4075cab8dc.png?1781630992?bc=0,https://are.na/block/47079580,Film: Cinematography: Screenshot 2026-06-16 at 10.25.02 AM
photo_065.jpg,cinematography,https://d2w9rnfcy7mm78.cloudfront.net/47079579/original_6a944ac67dd54e338c6725f94d396970.png?1781630992?bc=0,https://are.na/block/47079579,Film: Cinematography: Screenshot 2026-06-16 at 10.27.27 AM
photo_066.jpg,photography,https://d2w9rnfcy7mm78.cloudfront.net/17838419/original_441181a34d265f54c0bf70d6021fc4d9.jpg?1661994410?bc=0,https://are.na/block/17838419,Photography: scott-enlow.jpg
photo_067.jpg,photography,https://d2w9rnfcy7mm78.cloudfront.net/49321029/original_353d6f0ed326991b1c42b596de02fea5.jpeg?1786106676?bc=0,https://are.na/block/49321029,Photography: @olivialpetersen @fordmodels Shot by @yumengci.jpg
photo_068.jpg,photography,https://d2w9rnfcy7mm78.cloudfront.net/48260903/original_16783552e8e38d88c82100c38fe202ad.jpeg?1785162611?bc=0,https://are.na/block/48260903,Photography / Style / People: L.A. skateboarding crews foster community and belonging - Lo
photo_069.jpg,photography,https://d2w9rnfcy7mm78.cloudfront.net/48260920/original_fea6f2f0bc673a599f4728cedf034bf2.jpeg?1785162651?bc=0,https://are.na/block/48260920,Photography / Style / People: L.A. skateboarding crews foster community and belonging - Lo
photo_070.jpg,photography,https://d2w9rnfcy7mm78.cloudfront.net/48261405/original_59bba57bfd454f1988b5facfa553e8ed.jpeg?1785163962?bc=0,https://are.na/block/48261405,"Photography / Style / People: was overdue for a belly laugh, glad we could all get togethe"
photo_071.jpg,photography,https://d2w9rnfcy7mm78.cloudfront.net/48260976/original_08e6dab9f6d6494e98f8b62d374eb99a.jpeg?1785162762?bc=0,https://are.na/block/48260976,Photography / Style / People: L.A. skateboarding crews foster community and belonging - Lo
photo_072.jpg,photography,https://d2w9rnfcy7mm78.cloudfront.net/38435400/original_e7f5eb5d5126146f2069db06b051bb93.jpg?1753805634?bc=0,https://are.na/block/38435400,photography : nike-kobe-fcb.jpg
photo_073.jpg,photography,https://d2w9rnfcy7mm78.cloudfront.net/20669616/original_dfc6faa18748dd6b1457c9f96b8da4b9.jpg?1677778514?bc=0,https://are.na/block/20669616,photography : 0658908b-a0f0-4738-a9c7-f39acbb06852_008.jpg
photo_074.jpg,photography,https://d2w9rnfcy7mm78.cloudfront.net/28025278/original_a48fa0b503a2e6446e78e33e6538f580.jpg?1715292761?bc=0,https://are.na/block/28025278,photography : image-3-.jpg
photo_075.jpg,photography,https://d2w9rnfcy7mm78.cloudfront.net/33060711/original_fed61f6447c6cccb9aa804762c7a6817.jpg?1734482285?bc=0,https://are.na/block/33060711,photography : louis-vuitton-pre-fall-2025-mens-collection-the-impression.j
photo_076.jpg,photography,https://d2w9rnfcy7mm78.cloudfront.net/32217654/original_8b1840d763561112fe5dcd46f8105a93.png?1731598485?bc=0,https://are.na/block/32217654,Photography  : image.png
photo_077.jpg,photography,https://d2w9rnfcy7mm78.cloudfront.net/42952496/original_95537d92d70563991f4d79b6043276fc.jpg?1769306470?bc=0,https://are.na/block/42952496,Photography  : piariverola_1766423001_3793353529831283548_6140897-1-.jpg
photo_078.jpg,photography,https://d2w9rnfcy7mm78.cloudfront.net/31129201/original_5cda0852aea04537a6b22c4c2da4331b.jpg?1727923474?bc=0,https://are.na/block/31129201,Photography  : Lars Tunbjörk
photo_079.jpg,photography,https://d2w9rnfcy7mm78.cloudfront.net/46435720/original_d0b6b82bc149ba74993083c3b0a76f7d.jpeg?1779536300?bc=0,https://are.na/block/46435720,"Photography: Archive: David Lynch, Inland Empire, 2006"
